Biomes,Maps,BLUEFOR,INDEPENDENT,REDFOR,*PAC
"Afghanistan / 
Central Asia","- Anvil
- Chora
- Kamdesh
- Kohat
- Kokan
- Lashkar
- Logar
- Sumari",,,,
Middle East,"- Al Basrah
- Fallujah
- Mutaha
- Tallil",,,,
Eastern Europe,"- Belaya
- Black Coast
- Foolâ€™s Road
- Gorodok
- Mestia
- Yehorivka",,,,
Northern Europe,"- Harju
- Narva
- Skorpo",,,,
North America,"- Goose Bay
- Manicouagan",,,,
Asia,"- Sanxian Islands
- Pacific Proving Grounds",,,,
* PLANMC & PLAAGF only available on maps with large amphibious features,,,,,